Date,Tweet_Volume,Log_Returns
2018-01-02,52,0.0080377401154114
2018-01-03,52,0.0153396006298159
2018-01-04,57,0.0104847987810915
2018-01-05,56,0.0030424669178797
2018-01-08,56,0.0066331777161819
2018-01-09,55,-0.0034926917419105
2018-01-10,61,-0.0029346029690081
2018-01-11,53,0.0051810518519492
2018-01-12,55,-0.0013367707230155
2018-01-15,56,0.0007492864057866
2018-01-16,58,-0.0036028258459739
2018-01-17,57,0.000152854215057
2018-01-18,54,0.0057488064422265
2018-01-19,51,0.0027972135056754
2018-01-22,55,-0.001215187808929
2018-01-23,65,-0.0072707632730212
2018-01-24,64,-0.0025418608655949
2018-01-25,60,0.0087082066259541
2018-01-26,54,-0.0013682450128917
2018-01-29,46,-0.0086964534205032
2018-01-30,71,0.001487880230065
2018-01-31,54,-0.0050071738528058
2018-02-01,56,-0.0165574423800448
2018-02-02,52,-0.0148629745481481
2018-02-05,58,-0.0237423654898301
2018-02-06,68,0.0180639320143842
2018-02-07,57,-0.0200283273528723
2018-02-08,67,-0.0141671791974557
2018-02-09,57,0.0119090339546363
2018-02-12,56,-0.0060140529071872
2018-02-13,61,0.010904683705426
2018-02-14,54,0.0110246530162352
2018-02-15,58,0.0112452624057062
2018-02-16,49,-0.0048207495562766
2018-02-19,52,0.0063871940321822
2018-02-20,55,0.0023244013443848
2018-02-21,53,0.0013306556534407
2018-02-22,56,0.0015320306092444
2018-02-23,53,0.0050442016367075
2018-02-26,56,-6.167365019922445e-05
2018-02-27,56,-0.0043959218131132
2018-02-28,51,-0.0109478369239149
2018-03-01,58,-0.0242301079325795
2018-03-02,50,0.0059492542215613
2018-03-05,42,0.0005804133888898
2018-03-06,65,0.0033983418699859
2018-03-07,56,0.0126932297359033
2018-03-08,56,0.0038561675152932
2018-03-09,56,0.0004378797416752
2018-03-12,51,-0.006448983209083
2018-03-13,49,-0.0018003137443032
2018-03-14,48,0.006456765660525
2018-03-15,46,0.0029365367142718
2018-03-16,42,-0.0114055101320355
2018-03-19,72,0.0056495747948525
2018-03-20,58,-0.002418936616134
2018-03-21,64,-0.0139390400529183
2018-03-22,63,-0.0140299959626115
2018-03-23,62,-0.005696109420212
2018-03-26,62,0.0097153292099423
2018-03-27,69,0.0028693067785635
2018-03-28,54,0.007158856527726
2018-03-29,51,-0.0029419673903158
2018-04-03,47,-0.0020051284711935
2018-04-04,59,0.0258920274002485
2018-04-05,54,-0.003498787560076
2018-04-06,43,0.0009789172539555
2018-04-09,45,0.0083568985037806
2018-04-10,65,-0.00559637135599
2018-04-11,48,0.0059091133023755
2018-04-12,46,0.0010918061217909
2018-04-13,51,-0.0003876670116683
2018-04-16,44,0.0076089202473232
2018-04-17,65,0.0049619260342619
2018-04-18,54,0.0021296734934293
2018-04-19,57,0.0039224447202257
2018-04-20,52,0.0047403694281812
2018-04-23,53,0.0010310579037131
2018-04-24,80,-0.0056846508812367
2018-04-25,79,0.0074134357519559
2018-04-26,49,0.0054147496150878
2018-04-27,65,0.0067813981991332
2018-04-30,49,0.0015783597203421
2018-05-02,53,-0.0049969023345796
2018-05-03,62,0.0026120957386397
2018-05-04,65,0.0027825606197688
2018-05-07,54,-0.001717080946774
2018-05-08,57,0.0022972267231235
2018-05-09,52,0.0020432714458394
2018-05-10,55,-0.0007233574704771
2018-05-11,60,-0.0002273407582511
2018-05-14,51,0.002249894600919
2018-05-15,56,0.0025861484572967
2018-05-16,58,0.0097199169822401
2018-05-17,60,-0.0013189522882862
2018-05-18,67,0.0040881607020809
2018-05-21,48,0.0004593760749316
2018-05-22,50,-0.0132520822129465
2018-05-23,64,-0.0031310862763069
2018-05-24,59,-0.0010639962459015
2018-05-25,56,-0.006084204590748
2018-05-28,45,-0.0129480534456157
2018-05-29,49,-0.0019713870442173
2018-05-30,53,-0.0053484080684712
2018-05-31,60,0.0123584631244732
2018-06-01,53,0.0013494378089096
2018-06-04,54,-0.002187693151911
2018-06-05,63,-0.0006209888984591
2018-06-06,54,-0.0016871932970096
2018-06-07,56,0.0003413933865205
2018-06-08,61,0.0043371834164845
2018-06-11,59,-0.0037594099793952
2018-06-12,57,-0.000117390582106
2018-06-13,61,0.0137928915656684
2018-06-14,51,-0.0048194579586566
2018-06-15,59,-0.0093861561061656
2018-06-18,44,-0.0110414351396353
2018-06-19,53,-0.0034042449387756
2018-06-20,56,-0.0105350166552731
2018-06-21,57,0.0133361817733439
2018-06-22,68,-0.0194022942928685
2018-06-25,51,-0.0004864718992505
2018-06-26,62,0.0086554150219761
2018-06-27,52,-0.0097257835456082
2018-06-28,58,0.0090365518575867
2018-06-29,47,-0.0088243482032876
2018-07-02,57,0.0075537511978452
2018-07-03,46,0.0007013041155816
2018-07-04,42,0.0085750683065508
2018-07-05,48,0.0017594709945462
2018-07-06,56,0.0041470437780352
2018-07-09,64,0.0066928662126978
2018-07-10,54,-0.0149108296835427
2018-07-11,51,0.0096600281452526
2018-07-12,41,0.0043008977629363
2018-07-13,45,-0.0036480700568231
2018-07-16,54,0.0024205882073873
2018-07-17,45,0.0045814152263826
2018-07-18,56,-0.0055907163686038
2018-07-19,54,-0.0034672849326665
2018-07-20,53,-0.0037247190431448
2018-07-23,39,0.0103474221967756
2018-07-24,55,-0.0014326623606388
2018-07-25,49,0.0099276229650169
2018-07-26,47,0.0056785236265819
2018-07-27,45,-0.0037334566954749
2018-07-30,50,0.003650002381392
2018-07-31,64,-0.002348788571495
2018-08-01,70,-0.0068234487369207
2018-08-02,46,0.0032906914298119
2018-08-03,49,-0.0003285466218131
2018-08-06,37,0.0080247595243201
2018-08-07,51,-0.0035216922075668
2018-08-08,48,6.363011399798928e-05
2018-08-09,59,-0.0160432834282322
2018-08-10,51,-0.0004360121178338
2018-08-13,40,-0.0016475392784759
2018-08-14,28,-0.0183389826543277
2018-08-15,51,0.0082220881963567
2018-08-16,45,-0.0007648892831372
2018-08-17,49,0.0064748172154988
2018-08-20,42,0.0053669992453323
2018-08-21,39,0.0022180326343274
2018-08-22,54,-0.0002361240318883
2018-08-23,46,0.0024272271581833
2018-08-24,44,0.0085414385704341
2018-08-27,43,0.0010744415828434
2018-08-28,35,0.0029745820863255
2018-08-29,50,-0.0042388610085511
2018-08-30,49,-0.0130843481190282
2018-08-31,53,0.0012845269091155
2018-09-03,44,-0.0132200334447644
2018-09-04,41,-0.0155582879116818
2018-09-05,56,-0.0031188672342855
2018-09-06,57,0.0015968606939689
2018-09-07,55,0.0033092438487668
2018-09-10,51,0.002683521522395
2018-09-11,44,0.0091071104929205
2018-09-12,47,-0.0007522836357692
2018-09-13,51,0.0045783090554477
2018-09-14,43,-0.000691441002128
2018-09-17,30,0.0027854764930849
2018-09-18,45,0.0055682432558078
2018-09-19,33,0.0106682152809567
2018-09-20,37,0.0077802352371788
2018-09-21,39,-0.0032815785854417
2018-09-24,30,0.0005349344828379
2018-09-25,41,0.0061190879967606
2018-09-26,56,0.0050085737272509
2018-09-27,46,-0.0085047359547382
2018-09-28,44,0.0024234946645748
2018-10-01,29,-0.0070944655340687
2018-10-02,40,0.0042903877174614
2018-10-03,45,-0.0147769993199858
2018-10-04,35,-0.0095616755578805
2018-10-05,46,-0.0110905502013199
2018-10-08,33,0.0034466838325098
2018-10-09,44,-0.021346567211211
2018-10-10,58,-0.0193653029669223
2018-10-11,37,-0.0020368131286117
2018-10-12,35,-0.0001786187428897
2018-10-15,38,0.0151890477503171
2018-10-16,50,-0.0054467297623394
2018-10-17,40,-0.0054883920844866
2018-10-18,53,-0.0062991022720468
2018-10-19,44,-0.0061847089549253
2018-10-22,48,-0.0170885541829202
2018-10-23,48,-0.0029433388327889
2018-10-24,66,0.0158655045506042
2018-10-25,52,-0.0129865486640631
2018-10-26,46,0.0044151117435246
2018-10-29,39,-0.0021710367454759
2018-10-30,38,0.022818802170374
2018-10-31,47,-0.0015050579320913
2018-11-01,35,0.0032097088070041
2018-11-02,45,-0.0001449982150532
2018-11-05,48,-0.0051491273098826
2018-11-06,38,0.012288258414211
2018-11-07,42,-0.0012639011414054
2018-11-08,46,-0.0048251143293186
2018-11-09,35,-0.0093765997054023
2018-11-12,37,0.0084166438499167
2018-11-13,41,-0.0064892515106653
2018-11-14,38,-0.0069745562285832
2018-11-15,58,-0.0016741374395772
2018-11-16,63,-0.00794158368616
2018-11-19,58,-0.0122217422185641
2018-11-20,54,0.0102239009630667
2018-11-21,58,-0.0075370983063697
2018-11-22,59,0.0017824947735431
2018-11-23,52,0.0096621396380677
2018-11-26,66,-0.0023712025814299
2018-11-27,56,1.812733196543191e-05
2018-11-28,58,0.0046068029056758
2018-11-29,65,-0.0004655421806559
2018-11-30,61,0.0099544581781924
2018-12-03,61,-0.0082093043382445
2018-12-04,64,-0.0137171642497707
2018-12-05,56,-0.0337128112325745
2018-12-06,82,0.0068108077780229
2018-12-07,72,-0.0148084811034669
2018-12-10,66,0.0133676970483459
2018-12-11,80,0.0212551672874444
2018-12-12,87,-0.0025555389215645
2018-12-13,72,-0.0088650791630779
2018-12-14,76,-0.0111524823087077
2018-12-17,57,-0.0095856454644371
2018-12-18,68,0.0049037590708996
2018-12-19,63,-0.0179500153580773
2018-12-20,65,0.000409066721864
2018-12-21,67,-0.0145891276951282
2018-12-24,51,-0.0060228417157781
2018-12-27,62,0.01727483881701
2018-12-28,55,0.0110421638525004
